"peak","position","identifier","name","type","n_raw_ht","n_cor_ht","n_um","p_raw_ht","p_cor_ht","p_um","run_name","run_date","operator"
1,"SR:1","SYNC",NA,"SYNC",0.585,0.577,251.662,0.193,0.192,186.92,"sample_run_2019-03-01","3/1/2019","apimenta_102"
2,"SR:2","NO3 check",NA,"Unknown",0.388,0.381,165.668,0.005,0.004,4.237,"sample_run_2019-03-01","3/1/2019","apimenta_102"
3,"SR:3","NOX%",NA,"NO3 check",0.379,0.371,161.55,0.001,0,0.299,"sample_run_2019-03-01","3/1/2019","apimenta_102"
4,"SR:4","CO",NA,"Carry over",0.041,0.033,13.243,0.001,0,0.182,"sample_run_2019-03-01","3/1/2019","apimenta_102"
5,"SR:5","W",NA,"Wash",0.008,0,-1.215,0.001,0,0.213,"sample_run_2019-03-01","3/1/2019","apimenta_102"
6,"SR:6","C1",NA,"Calibrant",0.007,0,-1.333,0.001,0,0.123,"sample_run_2019-03-01","3/1/2019","apimenta_102"
7,"SR:7","C2",NA,"Calibrant",0.022,0.015,5.228,0.001,0,0.244,"sample_run_2019-03-01","3/1/2019","apimenta_102"
8,"SR:8","C3",NA,"Calibrant",0.068,0.061,25.435,0.001,0,0.106,"sample_run_2019-03-01","3/1/2019","apimenta_102"
9,"SR:9","C4",NA,"Calibrant",0.195,0.189,81.489,0.001,0,0.374,"sample_run_2019-03-01","3/1/2019","apimenta_102"
10,"SR:10","C5",NA,"Calibrant",0.372,0.366,159.18,0.001,0.001,0.949,"sample_run_2019-03-01","3/1/2019","apimenta_102"
11,"SR:11","C6",NA,"Calibrant",0.041,0.035,14.029,0.001,0,0.537,"sample_run_2019-03-01","3/1/2019","apimenta_102"
12,"SR:12","C7",NA,"Calibrant",0.01,0.005,0.812,0.002,0.001,1.379,"sample_run_2019-03-01","3/1/2019","apimenta_102"
13,"SR:13","C8",NA,"Calibrant",0.01,0.004,0.615,0.009,0.008,7.894,"sample_run_2019-03-01","3/1/2019","apimenta_102"
14,"SR:14","C9",NA,"Calibrant",0.008,0.003,0.257,0.016,0.015,15.067,"sample_run_2019-03-01","3/1/2019","apimenta_102"
15,"SR:15","CC1","NO3 100 uM","Check Cal",0.234,0.229,99.363,0.001,0,0.505,"sample_run_2019-03-01","3/1/2019","apimenta_102"
16,"SR:16","CC2","PO4 6.0 uM","Check Cal",0.032,0.027,10.81,0.007,0.006,5.857,"sample_run_2019-03-01","3/1/2019","apimenta_102"
17,"SR:5","PAUSE",NA,"Pause",0.008,0.004,0.527,0.001,0,0.334,"sample_run_2019-03-01","3/1/2019","apimenta_102"
18,"SR:1","SYNC",NA,"SYNC",0.589,0.585,255.395,0.195,0.194,188.639,"sample_run_2019-03-01","3/1/2019","apimenta_102"
19,"0","AutoWash",NA,"AutoWash",0.024,0.021,7.965,0.002,0.001,1.567,"sample_run_2019-03-01","3/1/2019","apimenta_102"
20,"0","AutoWash",NA,"AutoWash",0.003,0,-1.215,0.001,0,0.213,"sample_run_2019-03-01","3/1/2019","apimenta_102"
21,"1:1","1","digested milliQ","Unknown",0.008,0.006,1.325,0.001,0,0.503,"sample_run_2019-03-01","3/1/2019","apimenta_102"
22,"1:2","2","Steve Shivers 2 check","Unknown",0.083,0.081,34.226,0.002,0.001,1.105,"sample_run_2019-03-01","3/1/2019","apimenta_102"
23,"1:3","3","Steve Shivers 2 check","Unknown",0.085,0.083,35.169,0.002,0.001,1.206,"sample_run_2019-03-01","3/1/2019","apimenta_102"
24,"1:4","4","Steve Shivers 2 check","Unknown",0.084,0.082,34.655,0.002,0.001,1.193,"sample_run_2019-03-01","3/1/2019","apimenta_102"
25,"1:5","5","20180906 M1","Unknown",0.148,0.146,62.666,0.002,0.001,1.243,"sample_run_2019-03-01","3/1/2019","apimenta_102"
26,"1:6","6","20180906 M2","Unknown",0.151,0.149,64.034,0.002,0.001,1.35,"sample_run_2019-03-01","3/1/2019","apimenta_102"
27,"1:7","7","20180906 M3","Unknown",0.173,0.171,73.826,0.003,0.002,1.88,"sample_run_2019-03-01","3/1/2019","apimenta_102"
28,"1:8","8","20180906 W1","Unknown",0.072,0.07,29.305,0.002,0.001,1.083,"sample_run_2019-03-01","3/1/2019","apimenta_102"
29,"1:9","9","20180906 W2","Unknown",0.065,0.064,26.644,0.002,0.001,1.039,"sample_run_2019-03-01","3/1/2019","apimenta_102"
30,"1:10","10","20180906 W3","Unknown",0.066,0.064,26.939,0.002,0.001,1.197,"sample_run_2019-03-01","3/1/2019","apimenta_102"
31,"0","AutoWash",NA,"AutoWash",0.004,0.002,-0.275,0.001,0,0.228,"sample_run_2019-03-01","3/1/2019","apimenta_102"
32,"0","AutoWash",NA,"AutoWash",0.001,0,-1.215,0.001,0,0.213,"sample_run_2019-03-01","3/1/2019","apimenta_102"
33,"1:10","10dup","20180906 W3","Unknown",0.064,0.062,26.112,0.002,0.001,1.144,"sample_run_2019-03-01","3/1/2019","apimenta_102"
34,"1:11","11","20180913 W1","Unknown",0.073,0.071,30.062,0.002,0.001,1.403,"sample_run_2019-03-01","3/1/2019","apimenta_102"
35,"1:12","12","20180913 W2","Unknown",0.075,0.073,30.877,0.002,0.001,1.408,"sample_run_2019-03-01","3/1/2019","apimenta_102"
36,"1:13","13","digested milliQ","Unknown",0.012,0.01,3.258,0.001,0,0.61,"sample_run_2019-03-01","3/1/2019","apimenta_102"
37,"1:14","14","20180913 Y1","Unknown",0.065,0.064,26.655,0.002,0.001,0.918,"sample_run_2019-03-01","3/1/2019","apimenta_102"
38,"SR:15","CC1","NO3 100 uM","Check Cal",0.236,0.234,101.37,0.001,0,0.695,"sample_run_2019-03-01","3/1/2019","apimenta_102"
39,"SR:16","CC2","PO4 6.0 uM","Check Cal",0.031,0.03,11.814,0.007,0.006,6.157,"sample_run_2019-03-01","3/1/2019","apimenta_102"
40,"1:15","15","20180913 Y2","Unknown",0.065,0.064,26.752,0.002,0.001,1.116,"sample_run_2019-03-01","3/1/2019","apimenta_102"
41,"1:16","16","20180913 Y3","Unknown",0.069,0.067,28.364,0.002,0.001,0.903,"sample_run_2019-03-01","3/1/2019","apimenta_102"
42,"1:17","17","20180913 M1","Unknown",0.16,0.159,68.313,0.002,0.001,1.313,"sample_run_2019-03-01","3/1/2019","apimenta_102"
43,"1:18","18","20180913 M2","Unknown",0.165,0.163,70.324,0.002,0.001,1.328,"sample_run_2019-03-01","3/1/2019","apimenta_102"
44,"1:19","19","20180913 M3","Unknown",0.172,0.17,73.404,0.003,0.002,1.738,"sample_run_2019-03-01","3/1/2019","apimenta_102"
45,"0","AutoWash",NA,"AutoWash",0.008,0.006,1.421,0.001,0,0.194,"sample_run_2019-03-01","3/1/2019","apimenta_102"
46,"0","AutoWash",NA,"AutoWash",0.002,0,-1.215,0.001,0,0.213,"sample_run_2019-03-01","3/1/2019","apimenta_102"
47,"1:20","20","20180917 W1","Unknown",0.067,0.065,27.436,0.002,0.001,0.966,"sample_run_2019-03-01","3/1/2019","apimenta_102"
48,"1:20","20dup","20180917 W1","Unknown",0.069,0.067,28.228,0.002,0.001,0.768,"sample_run_2019-03-01","3/1/2019","apimenta_102"
49,"1:21","21","20180917 W2","Unknown",0.069,0.068,28.502,0.002,0,0.512,"sample_run_2019-03-01","3/1/2019","apimenta_102"
50,"1:22","22","20180917 W3","Unknown",0.073,0.071,30.074,0.002,0,0.36,"sample_run_2019-03-01","3/1/2019","apimenta_102"
51,"1:23","23","20180917 M1","Unknown",0.154,0.153,66.041,0.002,0,0.139,"sample_run_2019-03-01","3/1/2019","apimenta_102"
52,"1:24","24","20180917 M2","Unknown",0.17,0.169,72.899,0.006,0.003,3.422,"sample_run_2019-03-01","3/1/2019","apimenta_102"
53,"1:25","25","digested milliQ","Unknown",0.02,0.019,7.206,0.001,-0.001,-1.147,"sample_run_2019-03-01","3/1/2019","apimenta_102"
54,"1:26","26","20180917 M3","Unknown",0.004,0.004,0.469,0.001,-0.002,-2.19,"sample_run_2019-03-01","3/1/2019","apimenta_102"
55,"1:27","27","20180919 W1","Unknown",0.053,0.053,22.084,0.046,0.043,41.596,"sample_run_2019-03-01","3/1/2019","apimenta_102"
56,"1:28","28","20180919 W2","Unknown",0.124,0.124,53.088,0.015,0.012,11.749,"sample_run_2019-03-01","3/1/2019","apimenta_102"
57,"0","AutoWash",NA,"AutoWash",0.004,0.004,0.728,0.004,0,0.502,"sample_run_2019-03-01","3/1/2019","apimenta_102"
58,"0","AutoWash",NA,"AutoWash",0,0,-1.215,0.004,0,0.213,"sample_run_2019-03-01","3/1/2019","apimenta_102"
59,"SR:15","CC1","NO3 100 uM","Check Cal",0.231,0.232,100.254,0.004,0,0.68,"sample_run_2019-03-01","3/1/2019","apimenta_102"
60,"SR:16","CC2","PO4 6.0 uM","Check Cal",0.032,0.033,13.073,0.01,0.006,6.015,"sample_run_2019-03-01","3/1/2019","apimenta_102"
61,"1:29","29","20180919 W3","Unknown",0.069,0.069,29.067,0.005,0.001,1.13,"sample_run_2019-03-01","3/1/2019","apimenta_102"
62,"1:30","30","20180919 M1","Unknown",0.149,0.15,64.432,0.005,0.001,1.221,"sample_run_2019-03-01","3/1/2019","apimenta_102"
63,"1:30","30dup","20180919 M1","Unknown",0.153,0.153,65.995,0.004,0.001,1.187,"sample_run_2019-03-01","3/1/2019","apimenta_102"
64,"1:31","31","20180919 M2","Unknown",0.153,0.154,66.197,0.004,0.001,1.043,"sample_run_2019-03-01","3/1/2019","apimenta_102"
65,"1:32","32","20180919 M3","Unknown",0.149,0.149,64.276,0.004,0.001,1.052,"sample_run_2019-03-01","3/1/2019","apimenta_102"
66,"1:33","33","20180919 Y1","Unknown",0.067,0.068,28.376,0.003,0,0.557,"sample_run_2019-03-01","3/1/2019","apimenta_102"
67,"1:34","34","20180919 Y2","Unknown",0.065,0.066,27.661,0.003,0,0.614,"sample_run_2019-03-01","3/1/2019","apimenta_102"
68,"1:35","35","20180919 Y3","Unknown",0.071,0.071,30.004,0.003,0.001,0.806,"sample_run_2019-03-01","3/1/2019","apimenta_102"
69,"1:36","36","20180924 W1","Unknown",0.084,0.085,35.899,0.003,0.001,1.176,"sample_run_2019-03-01","3/1/2019","apimenta_102"
70,"1:37","37","digested milliQ","Unknown",0.012,0.012,4.155,0.002,0,0.55,"sample_run_2019-03-01","3/1/2019","apimenta_102"
71,"0","AutoWash",NA,"AutoWash",0,0.001,-0.983,0.002,0,0.139,"sample_run_2019-03-01","3/1/2019","apimenta_102"
72,"0","AutoWash",NA,"AutoWash",-0.001,0,-1.215,0.002,0,0.213,"sample_run_2019-03-01","3/1/2019","apimenta_102"
73,"1:38","38","20180924 W2","Unknown",0.085,0.086,36.35,0.003,0.001,1.289,"sample_run_2019-03-01","3/1/2019","apimenta_102"
74,"1:39","39","20180924 W3","Unknown",0.087,0.088,37.313,0.003,0.001,1.237,"sample_run_2019-03-01","3/1/2019","apimenta_102"
75,"1:40","40","20180924 M1","Unknown",0.174,0.174,75.161,0.004,0.002,2.051,"sample_run_2019-03-01","3/1/2019","apimenta_102"
76,"1:40","40dup","20180924 M1","Unknown",0.178,0.178,76.931,0.004,0.002,1.99,"sample_run_2019-03-01","3/1/2019","apimenta_102"
77,"1:41","41","20180924 M2","Unknown",0.183,0.184,79.257,0.003,0.001,1.532,"sample_run_2019-03-01","3/1/2019","apimenta_102"
78,"SR:15","CC1","NO3 100 uM","Check Cal",0.237,0.238,102.954,0.002,0.001,0.844,"sample_run_2019-03-01","3/1/2019","apimenta_102"
79,"SR:16","CC2","PO4 6.0 uM","Check Cal",0.033,0.033,13.378,0.008,0.006,6.33,"sample_run_2019-03-01","3/1/2019","apimenta_102"
80,"1:42","42","20180924 M3","Unknown",0.172,0.172,74.302,0.003,0.001,1.463,"sample_run_2019-03-01","3/1/2019","apimenta_102"
81,"1:43","43","20180926 Y1","Unknown",0.066,0.067,28.039,0.003,0.001,0.975,"sample_run_2019-03-01","3/1/2019","apimenta_102"
82,"1:44","44","20180926 Y2","Unknown",0.065,0.065,27.444,0.003,0.001,1.33,"sample_run_2019-03-01","3/1/2019","apimenta_102"
83,"1:45","45","20180926 Y3","Unknown",0.062,0.062,25.928,0.003,0.001,0.98,"sample_run_2019-03-01","3/1/2019","apimenta_102"
84,"1:46","46","digested milliQ","Unknown",0.01,0.01,3.207,0.002,0,0.661,"sample_run_2019-03-01","3/1/2019","apimenta_102"
85,"0","AutoWash",NA,"AutoWash",0,0,-1.021,0.002,0,0.127,"sample_run_2019-03-01","3/1/2019","apimenta_102"
86,"0","AutoWash",NA,"AutoWash",0,0,-1.215,0.002,0,0.213,"sample_run_2019-03-01","3/1/2019","apimenta_102"
87,"1:47","47","20180917 M3","Unknown",0.068,0.069,28.835,0.003,0.001,1.457,"sample_run_2019-03-01","3/1/2019","apimenta_102"
88,"1:48","48","20180917 W1","Unknown",0.071,0.071,29.861,0.003,0.001,1.389,"sample_run_2019-03-01","3/1/2019","apimenta_102"
89,"1:49","49","20180917 W2","Unknown",0.159,0.159,68.438,0.003,0.002,1.706,"sample_run_2019-03-01","3/1/2019","apimenta_102"
90,"0","AutoWash",NA,"AutoWash",0.006,0.006,1.549,0.002,0,0.253,"sample_run_2019-03-01","3/1/2019","apimenta_102"
91,"0","AutoWash",NA,"AutoWash",0,0,-1.215,0.002,0,0.213,"sample_run_2019-03-01","3/1/2019","apimenta_102"
92,"SR:15","CC1","NO3 100 uM","Check Cal",0.231,0.231,100.008,0.003,0.001,0.87,"sample_run_2019-03-01","3/1/2019","apimenta_102"
93,"SR:16","CC2","PO4 6.0 uM","Check Cal",0.033,0.033,13.041,0.008,0.006,6.384,"sample_run_2019-03-01","3/1/2019","apimenta_102"
1,"SR:1","SYNC",NA,"SYNC",0.592,0.583,257.944,0.198,0.198,184.24,"sample_run_2019-03-06","3/6/2019","apimenta_103"
2,"SR:2","NO3 check",NA,"Unknown",0.385,0.377,166.136,0.002,0.002,1.595,"sample_run_2019-03-06","3/6/2019","apimenta_103"
3,"SR:3","NOX%",NA,"NO3 check",0.372,0.363,160.103,0.001,0,0.28,"sample_run_2019-03-06","3/6/2019","apimenta_103"
4,"SR:4","CO",NA,"Carry over",0.04,0.032,12.804,0.001,0,0.331,"sample_run_2019-03-06","3/6/2019","apimenta_103"
5,"SR:5","W",NA,"Wash",0.009,0,-1.304,0,0,0.119,"sample_run_2019-03-06","3/6/2019","apimenta_103"
6,"SR:6","C1",NA,"Calibrant",0.008,0,-1.301,0,0,0.149,"sample_run_2019-03-06","3/6/2019","apimenta_103"
7,"SR:7","C2",NA,"Calibrant",0.023,0.016,5.64,0,0,0.136,"sample_run_2019-03-06","3/6/2019","apimenta_103"
8,"SR:8","C3",NA,"Calibrant",0.067,0.059,25.032,0,0,0.158,"sample_run_2019-03-06","3/6/2019","apimenta_103"
9,"SR:9","C4",NA,"Calibrant",0.193,0.186,81.308,0.001,0,0.458,"sample_run_2019-03-06","3/6/2019","apimenta_103"
10,"SR:10","C5",NA,"Calibrant",0.368,0.361,159.321,0.001,0.001,0.806,"sample_run_2019-03-06","3/6/2019","apimenta_103"
11,"SR:11","C6",NA,"Calibrant",0.04,0.034,13.72,0.001,0.001,0.609,"sample_run_2019-03-06","3/6/2019","apimenta_103"
12,"SR:12","C7",NA,"Calibrant",0.012,0.006,1.426,0.002,0.001,1.362,"sample_run_2019-03-06","3/6/2019","apimenta_103"
13,"SR:13","C8",NA,"Calibrant",0.011,0.005,1.008,0.009,0.008,7.722,"sample_run_2019-03-06","3/6/2019","apimenta_103"
14,"SR:14","C9",NA,"Calibrant",0.009,0.004,0.683,0.017,0.016,15.158,"sample_run_2019-03-06","3/6/2019","apimenta_103"
15,"SR:15","CC1","NO3 100 uM","Check Cal",0.23,0.225,98.909,0.001,0,0.235,"sample_run_2019-03-06","3/6/2019","apimenta_103"
16,"SR:16","CC2","PO4 6.0 uM","Check Cal",0.035,0.031,12.529,0.007,0.006,5.956,"sample_run_2019-03-06","3/6/2019","apimenta_103"
17,"SR:5","PAUSE",NA,"Pause",0.009,0.005,0.964,0,-0.001,-0.598,"sample_run_2019-03-06","3/6/2019","apimenta_103"
18,"SR:1","SYNC",NA,"SYNC",0.562,0.559,247.317,0.198,0.197,183.492,"sample_run_2019-03-06","3/6/2019","apimenta_103"
19,"0","AutoWash",NA,"AutoWash",0.023,0.021,7.932,0.001,0.001,1.092,"sample_run_2019-03-06","3/6/2019","apimenta_103"
20,"0","AutoWash",NA,"AutoWash",0.002,0,-1.304,0,0,0.119,"sample_run_2019-03-06","3/6/2019","apimenta_103"
21,"1:1","1","digested milliQ","Unknown",0.008,0.006,1.528,0.001,0,0.421,"sample_run_2019-03-06","3/6/2019","apimenta_103"
22,"1:2","2","Steve Shivers 2 standard","Unknown",0.265,0.264,116.082,0.004,0.003,3.339,"sample_run_2019-03-06","3/6/2019","apimenta_103"
23,"1:3","3","Steve Shivers 2 standard","Unknown",0.278,0.276,121.464,0.004,0.004,3.422,"sample_run_2019-03-06","3/6/2019","apimenta_103"
24,"1:4","4","Steve Shivers 2 standard","Unknown",0.281,0.28,123.094,0.004,0.004,3.464,"sample_run_2019-03-06","3/6/2019","apimenta_103"
25,"1:5","5","20180927 M1","Unknown",0.156,0.154,67.34,0.002,0.001,1.215,"sample_run_2019-03-06","3/6/2019","apimenta_103"
26,"1:6","6","20180927 M2","Unknown",0.152,0.151,65.988,0.002,0.001,1.268,"sample_run_2019-03-06","3/6/2019","apimenta_103"
27,"1:7","7","20180927 M3","Unknown",0.149,0.148,64.33,0.001,0.001,1.142,"sample_run_2019-03-06","3/6/2019","apimenta_103"
28,"1:8","8","20181001 W1","Unknown",0.094,0.094,40.312,0.002,0.001,1.214,"sample_run_2019-03-06","3/6/2019","apimenta_103"
29,"1:9","9","20181001 W2","Unknown",0.092,0.091,39.092,0.002,0.001,1.206,"sample_run_2019-03-06","3/6/2019","apimenta_103"
30,"1:10","10","20181001 W3","Unknown",0.095,0.094,40.492,0.002,0.001,1.204,"sample_run_2019-03-06","3/6/2019","apimenta_103"
31,"0","AutoWash",NA,"AutoWash",0.004,0.003,0.189,0,0,0.083,"sample_run_2019-03-06","3/6/2019","apimenta_103"
32,"0","AutoWash",NA,"AutoWash",0,0,-1.304,0,0,0.119,"sample_run_2019-03-06","3/6/2019","apimenta_103"
33,"1:10","10dup","20181001 W3","Unknown",0.091,0.091,39.049,0.002,0.001,1.269,"sample_run_2019-03-06","3/6/2019","apimenta_103"
34,"1:11","11","20181001 M1","Unknown",0.153,0.153,66.551,0.002,0.001,1.365,"sample_run_2019-03-06","3/6/2019","apimenta_103"
35,"1:12","12","20181001 M2","Unknown",0.15,0.15,65.199,0.002,0.001,1.278,"sample_run_2019-03-06","3/6/2019","apimenta_103"
36,"1:13","13","digested milliQ","Unknown",0.017,0.017,6.277,0.001,0,0.542,"sample_run_2019-03-06","3/6/2019","apimenta_103"
37,"1:14","14","20181001 M3","Unknown",0.144,0.143,62.478,0.002,0.001,1.241,"sample_run_2019-03-06","3/6/2019","apimenta_103"
38,"SR:15","CC1","NO3 100 uM","Check Cal",0.219,0.218,95.781,0.001,0.001,0.596,"sample_run_2019-03-06","3/6/2019","apimenta_103"
39,"SR:16","CC2","PO4 6.0 uM","Check Cal",0.032,0.032,12.909,0.007,0.007,6.263,"sample_run_2019-03-06","3/6/2019","apimenta_103"
40,"1:15","15","20181002 Y1","Unknown",0.058,0.058,24.431,0.001,0.001,0.809,"sample_run_2019-03-06","3/6/2019","apimenta_103"
41,"1:16","16","20181002 Y2","Unknown",0.057,0.057,23.832,0.002,0.001,1.205,"sample_run_2019-03-06","3/6/2019","apimenta_103"
42,"1:17","17","20181002 Y3","Unknown",0.064,0.064,27.347,0.001,0.001,0.906,"sample_run_2019-03-06","3/6/2019","apimenta_103"
43,"1:18","18","20181004 W1","Unknown",0.087,0.087,37.575,0.002,0.001,1.199,"sample_run_2019-03-06","3/6/2019","apimenta_103"
44,"1:19","19","20181004 W2","Unknown",0.087,0.087,37.258,0.001,0.001,1.069,"sample_run_2019-03-06","3/6/2019","apimenta_103"
45,"0","AutoWash",NA,"AutoWash",0.003,0.003,0.065,0,0,0.093,"sample_run_2019-03-06","3/6/2019","apimenta_103"
46,"0","AutoWash",NA,"AutoWash",0,0,-1.304,0,0,0.119,"sample_run_2019-03-06","3/6/2019","apimenta_103"
47,"1:20","20","20181004 W3","Unknown",0.086,0.086,36.934,0.001,0.001,1.092,"sample_run_2019-03-06","3/6/2019","apimenta_103"
48,"1:20","20dup","20181004 W3","Unknown",0.088,0.088,37.828,0.002,0.001,1.113,"sample_run_2019-03-06","3/6/2019","apimenta_103"
49,"1:21","21","20181004 M1","Unknown",0.144,0.144,62.81,0.002,0.001,1.463,"sample_run_2019-03-06","3/6/2019","apimenta_103"
50,"1:22","22","20181004 M2","Unknown",0.14,0.141,61.22,0.002,0.002,1.942,"sample_run_2019-03-06","3/6/2019","apimenta_103"
51,"SR:16","CC2","PO4 6.0 uM","QC 2",0.026,0.026,10.334,0.007,0.006,5.987,"sample_run_2019-03-06","3/6/2019","apimenta_103"
52,"1:23","23","20181004 M3","Unknown",0.142,0.142,61.774,0.002,0.002,1.534,"sample_run_2019-03-06","3/6/2019","apimenta_103"
53,"1:24","24","20181009 W1","Unknown",0.091,0.091,39.317,0.002,0.001,1.127,"sample_run_2019-03-06","3/6/2019","apimenta_103"
54,"1:25","25","digested milliQ","Unknown",0.012,0.013,4.384,0.001,0.001,0.817,"sample_run_2019-03-06","3/6/2019","apimenta_103"
55,"1:26","26","20181009 W2","Unknown",0.086,0.087,37.236,0.002,0.001,1.258,"sample_run_2019-03-06","3/6/2019","apimenta_103"
56,"1:27","27","20181009 W3","Unknown",0.087,0.088,37.814,0.002,0.001,1.178,"sample_run_2019-03-06","3/6/2019","apimenta_103"
57,"0","AutoWash",NA,"AutoWash",0.003,0.003,0.073,0,0,0.012,"sample_run_2019-03-06","3/6/2019","apimenta_103"
58,"0","AutoWash",NA,"AutoWash",-0.001,0,-1.304,0,0,0.119,"sample_run_2019-03-06","3/6/2019","apimenta_103"
59,"SR:15","CC1","NO3 100 uM","Check Cal",0.196,0.197,86.184,0.001,0,0.557,"sample_run_2019-03-06","3/6/2019","apimenta_103"
60,"SR:16","CC2","PO4 6.0 uM","Check Cal",0.028,0.028,11.301,0.007,0.006,5.975,"sample_run_2019-03-06","3/6/2019","apimenta_103"
61,"1:28","28","20181009 M1","Unknown",0.128,0.128,55.747,0.002,0.001,1.511,"sample_run_2019-03-06","3/6/2019","apimenta_103"
62,"1:29","29","20181009 M2","Unknown",0.143,0.143,62.389,0.002,0.002,1.89,"sample_run_2019-03-06","3/6/2019","apimenta_103"
63,"1:30","30","20181009 M3","Unknown",0.129,0.13,56.364,0.002,0.001,1.282,"sample_run_2019-03-06","3/6/2019","apimenta_103"
64,"1:30","30dup","20181009 M3","Unknown",0.128,0.129,55.924,0.002,0.001,1.307,"sample_run_2019-03-06","3/6/2019","apimenta_103"
65,"1:31","31","20181011 Y1","Unknown",0.056,0.057,23.964,0.001,0.001,0.839,"sample_run_2019-03-06","3/6/2019","apimenta_103"
66,"1:32","32","20181011 Y2","Unknown",0.055,0.056,23.517,0.001,0.001,0.874,"sample_run_2019-03-06","3/6/2019","apimenta_103"
67,"1:33","33","20181011 Y3","Unknown",0.053,0.054,22.882,0.003,0.002,1.954,"sample_run_2019-03-06","3/6/2019","apimenta_103"
68,"1:34","34","20181016 W1","Unknown",0.099,0.1,43.017,0.003,0.002,2.031,"sample_run_2019-03-06","3/6/2019","apimenta_103"
69,"1:35","35","20181016 W2","Unknown",0.101,0.102,43.897,0.002,0.002,1.733,"sample_run_2019-03-06","3/6/2019","apimenta_103"
70,"1:36","36","20181016 W3","Unknown",0.099,0.1,43.321,0.002,0.001,1.379,"sample_run_2019-03-06","3/6/2019","apimenta_103"
71,"0","AutoWash",NA,"AutoWash",0.002,0.004,0.294,0.001,0,0.23,"sample_run_2019-03-06","3/6/2019","apimenta_103"
72,"0","AutoWash",NA,"AutoWash",-0.001,0,-1.304,0.001,0,0.119,"sample_run_2019-03-06","3/6/2019","apimenta_103"
73,"1:37","37","digested milliQ","Unknown",0.004,0.006,1.214,0.001,0,0.461,"sample_run_2019-03-06","3/6/2019","apimenta_103"
74,"1:38","38","20181016 M1","Unknown",0.106,0.107,46.121,0.002,0.001,1.148,"sample_run_2019-03-06","3/6/2019","apimenta_103"
75,"1:39","39","20181016 M2","Unknown",0.112,0.113,48.762,0.002,0.001,1.411,"sample_run_2019-03-06","3/6/2019","apimenta_103"
76,"1:40","40","20181016 M3","Unknown",0.116,0.117,50.568,0.002,0.001,1.385,"sample_run_2019-03-06","3/6/2019","apimenta_103"
77,"1:40","40dup","20181016 M3","Unknown",0.115,0.116,50.227,0.002,0.001,1.446,"sample_run_2019-03-06","3/6/2019","apimenta_103"
78,"SR:15","CC1","NO3 100 uM","Check Cal",0.175,0.176,77.012,0.001,0,0.177,"sample_run_2019-03-06","3/6/2019","apimenta_103"
79,"SR:16","CC2","PO4 6.0 uM","Check Cal",0.023,0.024,9.335,0.007,0.006,5.758,"sample_run_2019-03-06","3/6/2019","apimenta_103"
80,"1:41","41","digested milliQ","Unknown",0.005,0.006,1.188,0.001,0,0.424,"sample_run_2019-03-06","3/6/2019","apimenta_103"
81,"SR:5","PAUSE",NA,"Pause",0.004,0.005,0.809,0.001,0,0.341,"sample_run_2019-03-06","3/6/2019","apimenta_103"
82,"SR:1","SYNC",NA,"SYNC",0.415,0.416,183.481,0.205,0.204,189.476,"sample_run_2019-03-06","3/6/2019","apimenta_103"
83,"0","AutoWash",NA,"AutoWash",0.014,0.015,5.359,0.002,0.001,1.115,"sample_run_2019-03-06","3/6/2019","apimenta_103"
84,"0","AutoWash",NA,"AutoWash",-0.001,0,-1.304,0.001,0,0.119,"sample_run_2019-03-06","3/6/2019","apimenta_103"
85,"SR:15","CC1","NO3 100 uM","Check Cal",0.166,0.167,72.797,0.001,0,0.179,"sample_run_2019-03-06","3/6/2019","apimenta_103"
86,"SR:16","CC2","PO4 6.0 uM","Check Cal",0.021,0.023,8.738,0.007,0.006,6.12,"sample_run_2019-03-06","3/6/2019","apimenta_103"
87,"1:42","42","digested milliQ","Unknown",0.004,0.006,1.155,0.001,0,0.439,"sample_run_2019-03-06","3/6/2019","apimenta_103"
88,"1:43","43","digested milliQ","Unknown",0.003,0.005,0.981,0.001,0,0.298,"sample_run_2019-03-06","3/6/2019","apimenta_103"
89,"0","AutoWash",NA,"AutoWash",-0.002,0,-1.276,0.001,0,0.091,"sample_run_2019-03-06","3/6/2019","apimenta_103"
90,"0","AutoWash",NA,"AutoWash",-0.002,0,-1.304,0.001,0,0.119,"sample_run_2019-03-06","3/6/2019","apimenta_103"
91,"SR:15","CC1","NO3 100 uM","Check Cal",0.155,0.157,68.552,0.001,0,0.357,"sample_run_2019-03-06","3/6/2019","apimenta_103"
92,"SR:16","CC2","PO4 6.0 uM","Check Cal",0.019,0.022,8.286,0.007,0.006,5.984,"sample_run_2019-03-06","3/6/2019","apimenta_103"
1,"SR:1","SYNC",NA,"SYNC",0.604,0.596,254.833,0.222,0.221,195.245,"sample_run_2019-03-07","3/7/2019","apimenta_104 LC"
2,"SR:2","NO3 check",NA,"Unknown",0.392,0.384,163.817,0.003,0.002,1.842,"sample_run_2019-03-07","3/7/2019","apimenta_104 LC"
3,"SR:3","NOX%",NA,"NO3 check",0.379,0.37,158.204,0.001,0,0.404,"sample_run_2019-03-07","3/7/2019","apimenta_104 LC"
4,"SR:4","CO",NA,"Carry over",0.038,0.03,12.152,0.001,0,0.234,"sample_run_2019-03-07","3/7/2019","apimenta_104 LC"
5,"SR:5","W",NA,"Wash",0.008,0,-0.797,0.001,0,0.294,"sample_run_2019-03-07","3/7/2019","apimenta_104 LC"
6,"SR:6","C1",NA,"Calibrant",0.008,0,-0.814,0.001,0,0.215,"sample_run_2019-03-07","3/7/2019","apimenta_104 LC"
7,"SR:7","C2",NA,"Calibrant",0.022,0.014,5.255,0.001,0,0.28,"sample_run_2019-03-07","3/7/2019","apimenta_104 LC"
8,"SR:8","C3",NA,"Calibrant",0.068,0.06,25.159,0.001,0,0.304,"sample_run_2019-03-07","3/7/2019","apimenta_104 LC"
9,"SR:9","C4",NA,"Calibrant",0.198,0.19,80.866,0.001,0,0.425,"sample_run_2019-03-07","3/7/2019","apimenta_104 LC"
10,"SR:10","C5",NA,"Calibrant",0.381,0.374,159.534,0.002,0.001,0.894,"sample_run_2019-03-07","3/7/2019","apimenta_104 LC"
11,"SR:11","C6",NA,"Calibrant",0.039,0.032,13.093,0.001,0,0.538,"sample_run_2019-03-07","3/7/2019","apimenta_104 LC"
12,"SR:12","C7",NA,"Calibrant",0.012,0.005,1.539,0.002,0.001,1.359,"sample_run_2019-03-07","3/7/2019","apimenta_104 LC"
13,"SR:13","C8",NA,"Calibrant",0.011,0.004,1.026,0.009,0.008,7.734,"sample_run_2019-03-07","3/7/2019","apimenta_104 LC"
14,"SR:14","C9",NA,"Calibrant",0.009,0.003,0.576,0.018,0.017,15.155,"sample_run_2019-03-07","3/7/2019","apimenta_104 LC"
15,"SR:15","CC1",NA,"Check Cal",0.238,0.232,98.688,0.001,0,0.454,"sample_run_2019-03-07","3/7/2019","apimenta_104 LC"
16,"SR:16","CC2",NA,"Check Cal",0.036,0.03,12.202,0.007,0.006,5.71,"sample_run_2019-03-07","3/7/2019","apimenta_104 LC"
17,"SR:5","PAUSE",NA,"Pause",0.009,0.004,0.886,0,-0.001,-0.49,"sample_run_2019-03-07","3/7/2019","apimenta_104 LC"
18,"SR:1","SYNC",NA,"SYNC",0.609,0.604,258.458,0.198,0.196,173.789,"sample_run_2019-03-07","3/7/2019","apimenta_104 LC"
19,"0","AutoWash",NA,"AutoWash",0.026,0.021,8.317,0.002,0.001,1.223,"sample_run_2019-03-07","3/7/2019","apimenta_104 LC"
20,"0","AutoWash",NA,"AutoWash",0.004,0,-0.797,0.001,0,0.294,"sample_run_2019-03-07","3/7/2019","apimenta_104 LC"
21,"1:1","1",NA,"Unknown",0.011,0.007,2.149,0.001,0,0.596,"sample_run_2019-03-07","3/7/2019","apimenta_104 LC"
22,"1:2","2",NA,"Unknown",0.088,0.084,35.187,0.002,0.001,1.059,"sample_run_2019-03-07","3/7/2019","apimenta_104 LC"
23,"1:3","3",NA,"Unknown",0.088,0.084,35.317,0.002,0.001,1.096,"sample_run_2019-03-07","3/7/2019","apimenta_104 LC"
24,"1:4","4",NA,"Unknown",0.087,0.083,34.926,0.002,0.001,1.181,"sample_run_2019-03-07","3/7/2019","apimenta_104 LC"
25,"1:5","5",NA,"Unknown",0.095,0.091,38.221,0.002,0.001,1.063,"sample_run_2019-03-07","3/7/2019","apimenta_104 LC"
26,"1:6","6",NA,"Unknown",0.096,0.092,38.672,0.002,0.001,1.087,"sample_run_2019-03-07","3/7/2019","apimenta_104 LC"
27,"1:7","7",NA,"Unknown",0.096,0.091,38.411,0.002,0.001,1.104,"sample_run_2019-03-07","3/7/2019","apimenta_104 LC"
28,"1:8","8",NA,"Unknown",0.134,0.13,54.83,0.002,0.001,1.263,"sample_run_2019-03-07","3/7/2019","apimenta_104 LC"
29,"1:9","9",NA,"Unknown",0.148,0.143,60.765,0.002,0.001,1.378,"sample_run_2019-03-07","3/7/2019","apimenta_104 LC"
30,"1:10","10",NA,"Unknown",0.134,0.13,55.113,0.002,0.001,1.308,"sample_run_2019-03-07","3/7/2019","apimenta_104 LC"
31,"0","AutoWash",NA,"AutoWash",0.008,0.004,1.034,0.001,0,0.256,"sample_run_2019-03-07","3/7/2019","apimenta_104 LC"
32,"0","AutoWash",NA,"AutoWash",0.004,0,-0.797,0.001,0,0.294,"sample_run_2019-03-07","3/7/2019","apimenta_104 LC"
33,"1:10","10dup",NA,"Unknown",0.131,0.127,53.614,0.002,0.001,1.31,"sample_run_2019-03-07","3/7/2019","apimenta_104 LC"
34,"1:11","11",NA,"Unknown",0.157,0.153,64.764,0.002,0.001,1.31,"sample_run_2019-03-07","3/7/2019","apimenta_104 LC"
35,"1:12","12",NA,"Unknown",0.169,0.164,69.725,0.002,0.001,1.445,"sample_run_2019-03-07","3/7/2019","apimenta_104 LC"
36,"1:13","13",NA,"Unknown",0.022,0.017,6.609,0.002,0.001,0.799,"sample_run_2019-03-07","3/7/2019","apimenta_104 LC"
37,"1:14","14",NA,"Unknown",0.167,0.162,68.894,0.002,0.001,1.505,"sample_run_2019-03-07","3/7/2019","apimenta_104 LC"
38,"SR:15","CC1",NA,"Check Cal",0.247,0.242,103.261,0.001,0,0.683,"sample_run_2019-03-07","3/7/2019","apimenta_104 LC"
39,"SR:16","CC2",NA,"Check Cal",0.039,0.034,13.792,0.007,0.006,5.719,"sample_run_2019-03-07","3/7/2019","apimenta_104 LC"
40,"1:15","15",NA,"Unknown",0.076,0.071,29.719,0.002,0.001,1.125,"sample_run_2019-03-07","3/7/2019","apimenta_104 LC"
41,"1:16","16",NA,"Unknown",0.081,0.075,31.601,0.002,0.001,1.195,"sample_run_2019-03-07","3/7/2019","apimenta_104 LC"
42,"1:17","17",NA,"Unknown",0.086,0.08,33.527,0.002,0.001,1.127,"sample_run_2019-03-07","3/7/2019","apimenta_104 LC"
43,"1:18","18",NA,"Unknown",0.135,0.129,54.746,0.002,0.001,1.233,"sample_run_2019-03-07","3/7/2019","apimenta_104 LC"
44,"1:19","19",NA,"Unknown",0.135,0.129,54.487,0.002,0.001,1.281,"sample_run_2019-03-07","3/7/2019","apimenta_104 LC"
45,"0","AutoWash",NA,"AutoWash",0.01,0.004,1.093,0.001,0,0.24,"sample_run_2019-03-07","3/7/2019","apimenta_104 LC"
46,"0","AutoWash",NA,"AutoWash",0.006,0,-0.797,0.001,0,0.294,"sample_run_2019-03-07","3/7/2019","apimenta_104 LC"
47,"1:20","20",NA,"Unknown",0.134,0.128,54.157,0.002,0.001,1.316,"sample_run_2019-03-07","3/7/2019","apimenta_104 LC"
48,"1:20","20dup",NA,"Unknown",0.138,0.131,55.581,0.002,0.001,1.397,"sample_run_2019-03-07","3/7/2019","apimenta_104 LC"
49,"1:21","21",NA,"Unknown",0.161,0.154,65.339,0.002,0.001,1.162,"sample_run_2019-03-07","3/7/2019","apimenta_104 LC"
50,"1:22","22",NA,"Unknown",0.173,0.167,70.704,0.002,0.001,1.41,"sample_run_2019-03-07","3/7/2019","apimenta_104 LC"
51,"1:23","23",NA,"Unknown",0.176,0.169,71.735,0.002,0.001,1.314,"sample_run_2019-03-07","3/7/2019","apimenta_104 LC"
52,"1:24","24",NA,"Unknown",0.082,0.075,31.383,0.002,0.001,1.025,"sample_run_2019-03-07","3/7/2019","apimenta_104 LC"
53,"1:25","25",NA,"Unknown",0.017,0.01,3.314,0.002,0,0.667,"sample_run_2019-03-07","3/7/2019","apimenta_104 LC"
54,"1:26","26",NA,"Unknown",0.085,0.078,32.544,0.002,0.001,1.241,"sample_run_2019-03-07","3/7/2019","apimenta_104 LC"
55,"1:27","27",NA,"Unknown",0.076,0.069,28.862,0.002,0.001,1.067,"sample_run_2019-03-07","3/7/2019","apimenta_104 LC"
56,"1:28","28",NA,"Unknown",0.129,0.122,51.429,0.002,0.001,1.294,"sample_run_2019-03-07","3/7/2019","apimenta_104 LC"
57,"0","AutoWash",NA,"AutoWash",0.012,0.004,0.963,0.001,0,0.411,"sample_run_2019-03-07","3/7/2019","apimenta_104 LC"
58,"0","AutoWash",NA,"AutoWash",0.008,0,-0.797,0.001,0,0.294,"sample_run_2019-03-07","3/7/2019","apimenta_104 LC"
59,"SR:15","CC1",NA,"Check Cal",0.245,0.238,101.191,0.002,0.001,0.813,"sample_run_2019-03-07","3/7/2019","apimenta_104 LC"
60,"SR:16","CC2",NA,"Check Cal",0.041,0.033,13.48,0.007,0.006,5.817,"sample_run_2019-03-07","3/7/2019","apimenta_104 LC"
61,"1:29","29",NA,"Unknown",0.127,0.119,50.42,0.002,0.001,1.355,"sample_run_2019-03-07","3/7/2019","apimenta_104 LC"
62,"1:30","30",NA,"Unknown",0.13,0.121,51.287,0.002,0.001,1.305,"sample_run_2019-03-07","3/7/2019","apimenta_104 LC"
63,"1:30","30dup",NA,"Unknown",0.13,0.121,51.327,0.002,0.001,1.337,"sample_run_2019-03-07","3/7/2019","apimenta_104 LC"
64,"1:31","31",NA,"Unknown",0.164,0.155,65.664,0.002,0.001,1.241,"sample_run_2019-03-07","3/7/2019","apimenta_104 LC"
65,"1:32","32",NA,"Unknown",0.184,0.175,74.212,0.003,0.002,1.707,"sample_run_2019-03-07","3/7/2019","apimenta_104 LC"
66,"1:33","33",NA,"Unknown",0.14,0.131,55.494,0.002,0.001,1.294,"sample_run_2019-03-07","3/7/2019","apimenta_104 LC"
67,"1:34","34",NA,"Unknown",0.139,0.13,55.078,0.002,0.001,1.247,"sample_run_2019-03-07","3/7/2019","apimenta_104 LC"
68,"1:35","35",NA,"Unknown",0.143,0.133,56.367,0.002,0.001,1.229,"sample_run_2019-03-07","3/7/2019","apimenta_104 LC"
69,"1:36","36",NA,"Unknown",0.165,0.155,65.729,0.002,0.001,1.096,"sample_run_2019-03-07","3/7/2019","apimenta_104 LC"
70,"1:37","37",NA,"Unknown",0.18,0.171,72.401,0.003,0.001,1.483,"sample_run_2019-03-07","3/7/2019","apimenta_104 LC"
71,"0","AutoWash",NA,"AutoWash",0.016,0.006,1.671,0.002,0,0.411,"sample_run_2019-03-07","3/7/2019","apimenta_104 LC"
72,"0","AutoWash",NA,"AutoWash",0.01,0,-0.797,0.001,0,0.294,"sample_run_2019-03-07","3/7/2019","apimenta_104 LC"
73,"1:38","38",NA,"Unknown",0.162,0.152,64.37,0.002,0.001,1.075,"sample_run_2019-03-07","3/7/2019","apimenta_104 LC"
74,"1:39","39",NA,"Unknown",0.022,0.011,4.135,0.002,0,0.719,"sample_run_2019-03-07","3/7/2019","apimenta_104 LC"
75,"0","AutoWash",NA,"AutoWash",0.011,0,-0.673,0.002,0,0.243,"sample_run_2019-03-07","3/7/2019","apimenta_104 LC"
76,"0","AutoWash",NA,"AutoWash",0.011,0,-0.797,0.002,0,0.294,"sample_run_2019-03-07","3/7/2019","apimenta_104 LC"
77,"SR:15","CC1",NA,"Check Cal",0.246,0.235,100.268,0.002,0,0.642,"sample_run_2019-03-07","3/7/2019","apimenta_104 LC"
78,"SR:16","CC2",NA,"Check Cal",0.044,0.033,13.484,0.008,0.006,5.705,"sample_run_2019-03-07","3/7/2019","apimenta_104 LC"
1,"SR:1","SYNC",NA,"SYNC",0.266,0.259,114.776,0.191,0.19,196.117,"sample_run_2019-03-13","3/13/2019","apimenta_105"
2,"SR:2","NO3 check",NA,"Unknown",0.368,0.361,160.144,0.003,0.002,2.09,"sample_run_2019-03-13","3/13/2019","apimenta_105"
3,"SR:3","NOX%",NA,"NO3 check",0.438,0.43,190.946,0.001,0,0.24,"sample_run_2019-03-13","3/13/2019","apimenta_105"
4,"SR:4","CO",NA,"Carry over",0.039,0.032,14.092,0.001,0,0.616,"sample_run_2019-03-13","3/13/2019","apimenta_105"
5,"SR:5","W",NA,"Wash",0.007,0,-0.074,0.001,0,0.157,"sample_run_2019-03-13","3/13/2019","apimenta_105"
6,"SR:6","C1",NA,"Calibrant",0.007,0,-0.122,0.001,0,0.051,"sample_run_2019-03-13","3/13/2019","apimenta_105"
7,"SR:7","C2",NA,"Calibrant",0.018,0.011,4.9,0.001,0,0.091,"sample_run_2019-03-13","3/13/2019","apimenta_105"
8,"SR:8","C3",NA,"Calibrant",0.063,0.057,25.061,0.001,0,0.112,"sample_run_2019-03-13","3/13/2019","apimenta_105"
9,"SR:9","C4",NA,"Calibrant",0.187,0.181,80.334,0.001,0,0.2,"sample_run_2019-03-13","3/13/2019","apimenta_105"
10,"SR:10","C5",NA,"Calibrant",0.366,0.36,159.827,0.001,0,0.274,"sample_run_2019-03-13","3/13/2019","apimenta_105"
11,"SR:11","C6",NA,"Calibrant",0.033,0.028,12.324,0.001,0,0.32,"sample_run_2019-03-13","3/13/2019","apimenta_105"
12,"SR:12","C7",NA,"Calibrant",0.008,0.003,1.213,0.002,0.001,1.37,"sample_run_2019-03-13","3/13/2019","apimenta_105"
13,"SR:13","C8",NA,"Calibrant",0.007,0.003,1.167,0.004,0.004,3.974,"sample_run_2019-03-13","3/13/2019","apimenta_105"
14,"SR:14","C9",NA,"Calibrant",0.007,0.003,1.313,0.008,0.008,8.035,"sample_run_2019-03-13","3/13/2019","apimenta_105"
15,"SR:15","CC1","NO3 100 uM","Check Cal",0.227,0.224,99.173,0.001,0,0.105,"sample_run_2019-03-13","3/13/2019","apimenta_105"
16,"SR:16","CC2","PO4 6.25","Check Cal",0.014,0.01,4.551,0.007,0.006,6.291,"sample_run_2019-03-13","3/13/2019","apimenta_105"
17,"SR:5","PAUSE",NA,"Pause",0.007,0.004,1.877,0.001,0,0.373,"sample_run_2019-03-13","3/13/2019","apimenta_105"
18,"SR:1","SYNC",NA,"SYNC",0.264,0.263,116.546,0.189,0.188,193.809,"sample_run_2019-03-13","3/13/2019","apimenta_105"
19,"0","AutoWash",NA,"AutoWash",0.008,0.006,2.77,0.003,0.002,2.102,"sample_run_2019-03-13","3/13/2019","apimenta_105"
20,"0","AutoWash",NA,"AutoWash",0.001,0,-0.074,0.001,0,0.157,"sample_run_2019-03-13","3/13/2019","apimenta_105"
21,"1:1","1","digested milliQ","Unknown",0.007,0.006,2.779,0.001,0,0.337,"sample_run_2019-03-13","3/13/2019","apimenta_105"
22,"1:2","2","digested milliQ","Unknown",0.008,0.007,2.908,0.001,0,0.396,"sample_run_2019-03-13","3/13/2019","apimenta_105"
23,"1:3","3","extra PO4 std. 6uM","Unknown",0.021,0.02,8.79,0.007,0.006,6.212,"sample_run_2019-03-13","3/13/2019","apimenta_105"
24,"1:4","4","extra PO4 std. 6uM","Unknown",0.016,0.015,6.508,0.007,0.006,6.255,"sample_run_2019-03-13","3/13/2019","apimenta_105"
25,"SR:5","PAUSE",NA,"Pause",0.007,0.007,2.837,0.001,0,0.513,"sample_run_2019-03-13","3/13/2019","apimenta_105"
26,"SR:1","SYNC",NA,"SYNC",0.265,0.264,116.976,0.19,0.188,194.12,"sample_run_2019-03-13","3/13/2019","apimenta_105"
27,"0","AutoWash",NA,"AutoWash",0.006,0.005,2.335,0.002,0.001,1.46,"sample_run_2019-03-13","3/13/2019","apimenta_105"
28,"0","AutoWash",NA,"AutoWash",0.001,0,-0.074,0.001,0,0.157,"sample_run_2019-03-13","3/13/2019","apimenta_105"
29,"SR:15","CC1","NO3 100 uM","Check Cal",0.233,0.232,103.061,0.002,0,0.472,"sample_run_2019-03-13","3/13/2019","apimenta_105"
30,"SR:16","CC2","PO4 6.25","Check Cal",0.019,0.018,7.783,0.008,0.006,6.602,"sample_run_2019-03-13","3/13/2019","apimenta_105"
31,"1:5","5","digested milliQ","Unknown",0.008,0.007,3.055,0.002,0,0.453,"sample_run_2019-03-13","3/13/2019","apimenta_105"
32,"1:6","6","Steve Shivers 2 check","Unknown",0.278,0.277,123.005,0.004,0.003,3.282,"sample_run_2019-03-13","3/13/2019","apimenta_105"
33,"1:7","7","Steve Shivers 2 check","Unknown",0.294,0.293,129.913,0.005,0.004,3.766,"sample_run_2019-03-13","3/13/2019","apimenta_105"
34,"1:8","8","Steve Shivers 2 check","Unknown",0.294,0.293,130.107,0.005,0.003,3.597,"sample_run_2019-03-13","3/13/2019","apimenta_105"
35,"1:9","9","20170607 Y1","Unknown",0.096,0.095,42.152,0.002,0.001,0.847,"sample_run_2019-03-13","3/13/2019","apimenta_105"
36,"1:10","10","20170607 Y2","Unknown",0.079,0.078,34.721,0.002,0.001,0.751,"sample_run_2019-03-13","3/13/2019","apimenta_105"
37,"1:10","10dup","20170607 Y2","Unknown",0.078,0.077,34.285,0.002,0.001,0.77,"sample_run_2019-03-13","3/13/2019","apimenta_105"
38,"1:11","11","20170607 Y3","Unknown",0.083,0.082,36.476,0.002,0.001,1.126,"sample_run_2019-03-13","3/13/2019","apimenta_105"
39,"1:12","12","20170607 W1","Unknown",0.091,0.09,39.898,0.002,0.001,1.29,"sample_run_2019-03-13","3/13/2019","apimenta_105"
40,"1:13","13","digested milliQ","Unknown",0.01,0.009,4.118,0.002,0,0.528,"sample_run_2019-03-13","3/13/2019","apimenta_105"
41,"0","AutoWash",NA,"AutoWash",0.001,0,0.056,0.001,0,0.133,"sample_run_2019-03-13","3/13/2019","apimenta_105"
42,"0","AutoWash",NA,"AutoWash",0.001,0,-0.074,0.001,0,0.157,"sample_run_2019-03-13","3/13/2019","apimenta_105"
43,"1:14","14","20170607 W2","Unknown",0.091,0.091,40.128,0.002,0.001,1.329,"sample_run_2019-03-13","3/13/2019","apimenta_105"
44,"1:15","15","20170607 W3","Unknown",0.097,0.096,42.48,0.003,0.001,1.578,"sample_run_2019-03-13","3/13/2019","apimenta_105"
45,"1:16","16","20170612 W1","Unknown",0.084,0.083,36.888,0.002,0.001,1.361,"sample_run_2019-03-13","3/13/2019","apimenta_105"
46,"1:17","17","20170612 W2","Unknown",0.082,0.081,36.101,0.002,0.001,1.422,"sample_run_2019-03-13","3/13/2019","apimenta_105"
47,"1:18","18","20170612 W3","Unknown",0.079,0.078,34.482,0.002,0.001,1.203,"sample_run_2019-03-13","3/13/2019","apimenta_105"
48,"SR:15","CC1","NO3 100 uM","Check Cal",0.232,0.231,102.469,0.002,0,0.586,"sample_run_2019-03-13","3/13/2019","apimenta_105"
49,"SR:16","CC2","PO4 6.25","Check Cal",0.019,0.018,7.819,0.008,0.007,6.856,"sample_run_2019-03-13","3/13/2019","apimenta_105"
50,"1:19","19","20170615 Y1","Unknown",0.083,0.082,36.461,0.002,0.001,1.143,"sample_run_2019-03-13","3/13/2019","apimenta_105"
51,"1:20","20","20170615 Y2","Unknown",0.125,0.124,55.017,0.004,0.002,2.631,"sample_run_2019-03-13","3/13/2019","apimenta_105"
52,"1:20","20dup","20170615 Y2","Unknown",0.127,0.126,55.894,0.004,0.002,2.608,"sample_run_2019-03-13","3/13/2019","apimenta_105"
53,"1:21","21","20170615 Y3","Unknown",0.08,0.079,35.077,0.002,0.001,1.047,"sample_run_2019-03-13","3/13/2019","apimenta_105"
54,"1:22","22","20170615 W1","Unknown",0.068,0.067,29.837,0.002,0.001,0.97,"sample_run_2019-03-13","3/13/2019","apimenta_105"
55,"0","AutoWash",NA,"AutoWash",0.003,0.002,0.74,0.001,0,0.181,"sample_run_2019-03-13","3/13/2019","apimenta_105"
56,"0","AutoWash",NA,"AutoWash",0.001,0,-0.074,0.001,0,0.157,"sample_run_2019-03-13","3/13/2019","apimenta_105"
57,"1:23","23","20170615 W2","Unknown",0.071,0.07,30.852,0.002,0.001,1.157,"sample_run_2019-03-13","3/13/2019","apimenta_105"
58,"1:24","24","20170615 W3","Unknown",0.069,0.069,30.351,0.002,0.001,0.976,"sample_run_2019-03-13","3/13/2019","apimenta_105"
59,"1:25","25","digested milliQ","Unknown",0.011,0.01,4.224,0.002,0.001,0.69,"sample_run_2019-03-13","3/13/2019","apimenta_105"
60,"1:26","26","20170623 Y1","Unknown",0.084,0.083,36.617,0.002,0.001,1.092,"sample_run_2019-03-13","3/13/2019","apimenta_105"
61,"1:27","27","20170623 Y2","Unknown",0.076,0.075,33.304,0.002,0.001,0.98,"sample_run_2019-03-13","3/13/2019","apimenta_105"
62,"1:28","28","20170623 Y3","Unknown",0.077,0.076,33.586,0.002,0.001,0.999,"sample_run_2019-03-13","3/13/2019","apimenta_105"
63,"1:29","29","20170623 W1","Unknown",0.067,0.066,29.336,0.002,0.001,1.153,"sample_run_2019-03-13","3/13/2019","apimenta_105"
64,"1:30","30","20170623 W2","Unknown",0.067,0.066,29.392,0.002,0.001,1.129,"sample_run_2019-03-13","3/13/2019","apimenta_105"
65,"1:30","30dup","20170623 W2","Unknown",0.067,0.066,29.4,0.003,0.001,1.241,"sample_run_2019-03-13","3/13/2019","apimenta_105"
66,"1:31","31","20170623 W3","Unknown",0.065,0.064,28.497,0.002,0.001,1.032,"sample_run_2019-03-13","3/13/2019","apimenta_105"
67,"0","AutoWash",NA,"AutoWash",0.002,0.001,0.548,0.002,0,0.231,"sample_run_2019-03-13","3/13/2019","apimenta_105"
68,"0","AutoWash",NA,"AutoWash",0.001,0,-0.074,0.002,0,0.157,"sample_run_2019-03-13","3/13/2019","apimenta_105"
69,"SR:15","CC1","NO3 100 uM","Check Cal",0.233,0.232,103.055,0.002,0,0.595,"sample_run_2019-03-13","3/13/2019","apimenta_105"
70,"SR:16","CC2","PO4 6.25","Check Cal",0.015,0.014,6.341,0.008,0.006,6.771,"sample_run_2019-03-13","3/13/2019","apimenta_105"
71,"1:32","32","20170626 Y1","Unknown",0.077,0.076,33.707,0.002,0.001,1.054,"sample_run_2019-03-13","3/13/2019","apimenta_105"
72,"1:33","33","20170626 Y2","Unknown",0.076,0.076,33.493,0.002,0.001,0.818,"sample_run_2019-03-13","3/13/2019","apimenta_105"
73,"1:34","34","20170626 Y3","Unknown",0.084,0.084,37.085,0.002,0.001,1.04,"sample_run_2019-03-13","3/13/2019","apimenta_105"
74,"1:35","35","20170626 W1","Unknown",0.07,0.069,30.692,0.003,0.001,1.164,"sample_run_2019-03-13","3/13/2019","apimenta_105"
75,"1:36","36","20170626 W2","Unknown",0.069,0.068,30.266,0.003,0.001,1.171,"sample_run_2019-03-13","3/13/2019","apimenta_105"
76,"1:37","37","digested milliQ","Unknown",0.009,0.008,3.664,0.002,0,0.629,"sample_run_2019-03-13","3/13/2019","apimenta_105"
77,"1:38","38","20170626 W3","Unknown",0.065,0.064,28.327,0.002,0.001,1.133,"sample_run_2019-03-13","3/13/2019","apimenta_105"
78,"1:39","39","20170705 Y1","Unknown",0.075,0.074,32.764,0.002,0.001,0.965,"sample_run_2019-03-13","3/13/2019","apimenta_105"
79,"1:40","40","20170705 Y2","Unknown",0.077,0.076,33.71,0.002,0.001,0.932,"sample_run_2019-03-13","3/13/2019","apimenta_105"
80,"1:40","40dup","20170705 Y2","Unknown",0.077,0.076,33.728,0.002,0.001,0.981,"sample_run_2019-03-13","3/13/2019","apimenta_105"
81,"0","AutoWash",NA,"AutoWash",0.002,0.001,0.582,0.002,0,0.157,"sample_run_2019-03-13","3/13/2019","apimenta_105"
82,"0","AutoWash",NA,"AutoWash",0.001,0,-0.074,0.002,0,0.157,"sample_run_2019-03-13","3/13/2019","apimenta_105"
83,"1:41","41","20170705 Y3","Unknown",0.075,0.074,32.785,0.002,0.001,0.88,"sample_run_2019-03-13","3/13/2019","apimenta_105"
84,"1:42","42","20170705 W1","Unknown",0.058,0.058,25.614,0.002,0.001,0.959,"sample_run_2019-03-13","3/13/2019","apimenta_105"
85,"1:43","43","20170705 W2","Unknown",0.062,0.062,27.374,0.003,0.001,1.23,"sample_run_2019-03-13","3/13/2019","apimenta_105"
86,"1:44","44","20170705 W3","Unknown",0.06,0.06,26.366,0.002,0.001,1.103,"sample_run_2019-03-13","3/13/2019","apimenta_105"
87,"1:45","45","20170710 Y1","Unknown",0.076,0.075,33.283,0.002,0.001,0.953,"sample_run_2019-03-13","3/13/2019","apimenta_105"
88,"SR:15","CC1","NO3 100 uM","Check Cal",0.232,0.231,102.531,0.002,0,0.59,"sample_run_2019-03-13","3/13/2019","apimenta_105"
89,"SR:16","CC2","PO4 6.25","Check Cal",0.012,0.011,4.797,0.008,0.007,7.048,"sample_run_2019-03-13","3/13/2019","apimenta_105"
90,"1:46","46","20170710 Y2","Unknown",0.074,0.074,32.718,0.002,0.001,0.964,"sample_run_2019-03-13","3/13/2019","apimenta_105"
91,"1:47","47","20170710 Y3","Unknown",0.085,0.084,37.218,0.002,0.001,0.923,"sample_run_2019-03-13","3/13/2019","apimenta_105"
92,"1:48","48","20170710 W1","Unknown",0.058,0.058,25.55,0.002,0.001,0.939,"sample_run_2019-03-13","3/13/2019","apimenta_105"
93,"1:49","49","digested milliQ","Unknown",0.009,0.008,3.612,0.002,0,0.51,"sample_run_2019-03-13","3/13/2019","apimenta_105"
94,"1:50","50","20170710 W2","Unknown",0.059,0.058,25.797,0.002,0.001,0.92,"sample_run_2019-03-13","3/13/2019","apimenta_105"
95,"0","AutoWash",NA,"AutoWash",0.002,0.001,0.385,0.002,0,0.161,"sample_run_2019-03-13","3/13/2019","apimenta_105"
96,"0","AutoWash",NA,"AutoWash",0.001,0,-0.074,0.002,0,0.157,"sample_run_2019-03-13","3/13/2019","apimenta_105"
97,"1:50","50dup","20170710 W2","Unknown",0.058,0.057,25.374,0.003,0.001,1.031,"sample_run_2019-03-13","3/13/2019","apimenta_105"
98,"1:51","51","20170710 W3","Unknown",0.065,0.064,28.383,0.003,0.001,1.419,"sample_run_2019-03-13","3/13/2019","apimenta_105"
99,"1:52","52","20170712 Y1","Unknown",0.092,0.092,40.577,0.003,0.001,1.162,"sample_run_2019-03-13","3/13/2019","apimenta_105"
100,"1:53","53","20170712 Y2","Unknown",0.091,0.09,39.91,0.003,0.001,1.51,"sample_run_2019-03-13","3/13/2019","apimenta_105"
101,"1:54","54","20170712 Y3","Unknown",0.081,0.081,35.789,0.003,0.001,1.078,"sample_run_2019-03-13","3/13/2019","apimenta_105"
102,"1:55","55","20170712 W1","Unknown",0.063,0.063,27.7,0.003,0.001,1.124,"sample_run_2019-03-13","3/13/2019","apimenta_105"
103,"1:56","56","20170712 W2","Unknown",0.063,0.063,27.833,0.003,0.001,1.131,"sample_run_2019-03-13","3/13/2019","apimenta_105"
104,"1:57","57","20170712 W3","Unknown",0.059,0.059,25.965,0.002,0.001,0.917,"sample_run_2019-03-13","3/13/2019","apimenta_105"
105,"1:58","58","20170717 Y1","Unknown",0.076,0.075,33.36,0.002,0.001,0.907,"sample_run_2019-03-13","3/13/2019","apimenta_105"
106,"1:59","59","20170717 Y2","Unknown",0.084,0.083,36.97,0.003,0.001,1.208,"sample_run_2019-03-13","3/13/2019","apimenta_105"
107,"0","AutoWash",NA,"AutoWash",0.003,0.003,1.217,0.002,0,0.143,"sample_run_2019-03-13","3/13/2019","apimenta_105"
108,"0","AutoWash",NA,"AutoWash",0,0,-0.074,0.002,0,0.157,"sample_run_2019-03-13","3/13/2019","apimenta_105"
109,"SR:15","CC1","NO3 100 uM","Check Cal",0.226,0.225,100.013,0.002,0.001,0.69,"sample_run_2019-03-13","3/13/2019","apimenta_105"
110,"SR:16","CC2","PO4 6.25","Check Cal",0.022,0.022,9.494,0.008,0.007,6.992,"sample_run_2019-03-13","3/13/2019","apimenta_105"
111,"1:60","60","20170717 Y3","Unknown",0.08,0.08,35.353,0.003,0.001,1.173,"sample_run_2019-03-13","3/13/2019","apimenta_105"
112,"1:60","60dup","20170717 Y3","Unknown",0.082,0.082,36.215,0.003,0.001,1.126,"sample_run_2019-03-13","3/13/2019","apimenta_105"
113,"2:1","61","digested milliQ","Unknown",0.014,0.014,5.93,0.002,0,0.582,"sample_run_2019-03-13","3/13/2019","apimenta_105"
114,"0","AutoWash",NA,"AutoWash",0.001,0.001,0.168,0.002,0,0.108,"sample_run_2019-03-13","3/13/2019","apimenta_105"
115,"0","AutoWash",NA,"AutoWash",0,0,-0.074,0.002,0,0.157,"sample_run_2019-03-13","3/13/2019","apimenta_105"
116,"SR:15","CC1","NO3 100 uM","Check Cal",0.226,0.225,100.014,0.002,0,0.489,"sample_run_2019-03-13","3/13/2019","apimenta_105"
117,"SR:16","CC2","PO4 6.25","Check Cal",0.022,0.021,9.326,0.008,0.007,6.95,"sample_run_2019-03-13","3/13/2019","apimenta_105"
1,"SR:1","SYNC",NA,"SYNC",0.321,0.311,136.287,0.099,0.098,98.681,"sample_run_2019-03-14","3/14/2019","apimenta_106"
2,"SR:2","NO3 check",NA,"Unknown",0.374,0.365,159.691,0.001,0.001,0.833,"sample_run_2019-03-14","3/14/2019","apimenta_106"
3,"SR:3","NOX%",NA,"NO3 check",0.444,0.435,190.135,0,0,0.178,"sample_run_2019-03-14","3/14/2019","apimenta_106"
4,"SR:4","CO",NA,"Carry over",0.041,0.032,14.151,0,0,-0.085,"sample_run_2019-03-14","3/14/2019","apimenta_106"
5,"SR:5","W",NA,"Wash",0.009,0,0.033,0,0,0.225,"sample_run_2019-03-14","3/14/2019","apimenta_106"
6,"SR:6","C1",NA,"Calibrant",0.009,0,0.026,0,0,0.108,"sample_run_2019-03-14","3/14/2019","apimenta_106"
7,"SR:7","C2",NA,"Calibrant",0.019,0.01,4.476,0,0,0.036,"sample_run_2019-03-14","3/14/2019","apimenta_106"
8,"SR:8","C3",NA,"Calibrant",0.066,0.057,25.126,0,0,0.076,"sample_run_2019-03-14","3/14/2019","apimenta_106"
9,"SR:9","C4",NA,"Calibrant",0.192,0.185,80.75,0,0,-0.001,"sample_run_2019-03-14","3/14/2019","apimenta_106"
10,"SR:10","C5",NA,"Calibrant",0.372,0.365,159.622,0,0,0.004,"sample_run_2019-03-14","3/14/2019","apimenta_106"
11,"SR:11","C6",NA,"Calibrant",0.02,0.012,5.341,0.001,0,0.2,"sample_run_2019-03-14","3/14/2019","apimenta_106"
12,"SR:12","C7",NA,"Calibrant",0.009,0.002,1.058,0.002,0.001,1.46,"sample_run_2019-03-14","3/14/2019","apimenta_106"
13,"SR:13","C8",NA,"Calibrant",0.009,0.002,0.983,0.005,0.004,3.945,"sample_run_2019-03-14","3/14/2019","apimenta_106"
14,"SR:14","C9",NA,"Calibrant",0.009,0.002,1.072,0.009,0.008,8.036,"sample_run_2019-03-14","3/14/2019","apimenta_106"
15,"SR:15","CC1","NO3 100 uM","Check Cal",0.235,0.229,100.18,0.001,0,0.025,"sample_run_2019-03-14","3/14/2019","apimenta_106"
16,"SR:16","CC2","NO3 6.25 uM","Check Cal",0.016,0.01,4.321,0.007,0.006,6.349,"sample_run_2019-03-14","3/14/2019","apimenta_106"
17,"SR:5","PAUSE",NA,"Pause",0.01,0.005,2.098,0.001,0,-0.135,"sample_run_2019-03-14","3/14/2019","apimenta_106"
18,"SR:1","SYNC",NA,"SYNC",0.328,0.323,141.382,0.098,0.096,96.856,"sample_run_2019-03-14","3/14/2019","apimenta_106"
19,"0","AutoWash",NA,"AutoWash",0.013,0.008,3.655,0.004,0.002,2.722,"sample_run_2019-03-14","3/14/2019","apimenta_106"
20,"0","AutoWash",NA,"AutoWash",0.004,0,0.033,0.001,0,0.225,"sample_run_2019-03-14","3/14/2019","apimenta_106"
21,"1:1","1","digested milliQ","Unknown",0.012,0.008,3.58,0.002,0,0.57,"sample_run_2019-03-14","3/14/2019","apimenta_106"
22,"1:2","2","Steven Shivers 2 check","Unknown",0.102,0.098,42.945,0.002,0.001,1.059,"sample_run_2019-03-14","3/14/2019","apimenta_106"
23,"1:3","3","Steven Shivers 2 check","Unknown",0.092,0.088,38.581,0.003,0.001,1.287,"sample_run_2019-03-14","3/14/2019","apimenta_106"
24,"1:4","4","Steven Shivers 2 check","Unknown",0.086,0.082,36.092,0.002,0.001,1.065,"sample_run_2019-03-14","3/14/2019","apimenta_106"
25,"1:5","5","20170717 W1","Unknown",0.068,0.065,28.313,0.002,0.001,1.038,"sample_run_2019-03-14","3/14/2019","apimenta_106"
26,"1:6","6","20170717 W2","Unknown",0.065,0.061,26.865,0.002,0.001,1.004,"sample_run_2019-03-14","3/14/2019","apimenta_106"
27,"1:7","7","20170717 W3","Unknown",0.069,0.065,28.497,0.002,0.001,1.162,"sample_run_2019-03-14","3/14/2019","apimenta_106"
28,"1:8","8","20170719 Y1","Unknown",0.104,0.1,43.826,0.003,0.001,1.568,"sample_run_2019-03-14","3/14/2019","apimenta_106"
29,"1:9","9","20170719 Y2","Unknown",0.083,0.079,34.746,0.002,0.001,0.919,"sample_run_2019-03-14","3/14/2019","apimenta_106"
30,"1:10","10","20170719 Y3","Unknown",0.082,0.078,34.369,0.002,0.001,0.898,"sample_run_2019-03-14","3/14/2019","apimenta_106"
31,"0","AutoWash",NA,"AutoWash",0.006,0.003,1.199,0.001,0,0.23,"sample_run_2019-03-14","3/14/2019","apimenta_106"
32,"0","AutoWash",NA,"AutoWash",0.004,0,0.033,0.001,0,0.225,"sample_run_2019-03-14","3/14/2019","apimenta_106"
33,"1:10","10dup","20170719 Y3","Unknown",0.08,0.076,33.454,0.002,0.001,0.923,"sample_run_2019-03-14","3/14/2019","apimenta_106"
34,"1:11","11","20170719 W1","Unknown",0.071,0.067,29.285,0.002,0.001,1.093,"sample_run_2019-03-14","3/14/2019","apimenta_106"
35,"1:12","12","20170719 W2","Unknown",0.068,0.065,28.305,0.002,0.001,1.119,"sample_run_2019-03-14","3/14/2019","apimenta_106"
36,"1:13","13","digested milliQ","Unknown",0.015,0.011,4.917,0.002,0.001,0.828,"sample_run_2019-03-14","3/14/2019","apimenta_106"
37,"1:14","14","20170719 W3","Unknown",0.067,0.063,27.692,0.002,0.001,1.072,"sample_run_2019-03-14","3/14/2019","apimenta_106"
38,"SR:15","CC1","NO3 100 uM","Check Cal",0.236,0.232,101.444,0.002,0,0.639,"sample_run_2019-03-14","3/14/2019","apimenta_106"
39,"SR:16","CC2","NO3 6.25 uM","Check Cal",0.029,0.025,11.155,0.008,0.006,6.631,"sample_run_2019-03-14","3/14/2019","apimenta_106"
40,"1:15","15","20170726 Y1","Unknown",0.084,0.08,34.888,0.002,0.001,0.99,"sample_run_2019-03-14","3/14/2019","apimenta_106"
41,"1:16","16","20170726 Y2","Unknown",0.093,0.089,38.989,0.003,0.001,1.241,"sample_run_2019-03-14","3/14/2019","apimenta_106"
42,"1:17","17","20170726 Y3","Unknown",0.124,0.12,52.669,0.003,0.002,2.149,"sample_run_2019-03-14","3/14/2019","apimenta_106"
43,"1:18","18","20170726 W1","Unknown",0.098,0.094,40.963,0.003,0.002,2.117,"sample_run_2019-03-14","3/14/2019","apimenta_106"
44,"1:19","19","20170726 W2","Unknown",0.074,0.07,30.706,0.003,0.001,1.416,"sample_run_2019-03-14","3/14/2019","apimenta_106"
45,"0","AutoWash",NA,"AutoWash",0.007,0.003,1.135,0.002,0,0.297,"sample_run_2019-03-14","3/14/2019","apimenta_106"
46,"0","AutoWash",NA,"AutoWash",0.004,0,0.033,0.002,0,0.225,"sample_run_2019-03-14","3/14/2019","apimenta_106"
47,"1:20","20","20170726 W3","Unknown",0.072,0.067,29.555,0.003,0.001,1.238,"sample_run_2019-03-14","3/14/2019","apimenta_106"
48,"1:20","20dup","20170726 W3","Unknown",0.073,0.069,30.258,0.003,0.001,1.23,"sample_run_2019-03-14","3/14/2019","apimenta_106"
49,"1:21","21","20170731 Y1","Unknown",0.092,0.088,38.443,0.003,0.001,1.61,"sample_run_2019-03-14","3/14/2019","apimenta_106"
50,"1:22","22","20170731 Y2","Unknown",0.086,0.082,35.959,0.002,0.001,1.037,"sample_run_2019-03-14","3/14/2019","apimenta_106"
51,"1:23","23","20170731 Y3","Unknown",0.087,0.083,36.438,0.003,0.001,1.13,"sample_run_2019-03-14","3/14/2019","apimenta_106"
52,"1:24","24","20170731 W1","Unknown",0.065,0.061,26.757,0.003,0.001,1.157,"sample_run_2019-03-14","3/14/2019","apimenta_106"
53,"1:25","25","digested milliQ","Unknown",0.015,0.011,4.738,0.002,0.001,0.742,"sample_run_2019-03-14","3/14/2019","apimenta_106"
54,"1:26","26","20170731 W2","Unknown",0.069,0.065,28.256,0.003,0.001,1.363,"sample_run_2019-03-14","3/14/2019","apimenta_106"
55,"1:27","27","20170731 W3","Unknown",0.071,0.066,29.059,0.003,0.001,1.28,"sample_run_2019-03-14","3/14/2019","apimenta_106"
56,"1:28","28","20170802 Y1","Unknown",0.082,0.078,34.186,0.003,0.001,1.084,"sample_run_2019-03-14","3/14/2019","apimenta_106"
57,"0","AutoWash",NA,"AutoWash",0.007,0.003,1.268,0.002,0,0.219,"sample_run_2019-03-14","3/14/2019","apimenta_106"
58,"0","AutoWash",NA,"AutoWash",0.004,0,0.033,0.002,0,0.225,"sample_run_2019-03-14","3/14/2019","apimenta_106"
59,"SR:15","CC1","NO3 100 uM","Check Cal",0.234,0.23,100.671,0.002,0,0.559,"sample_run_2019-03-14","3/14/2019","apimenta_106"
60,"SR:16","CC2","NO3 6.25 uM","Check Cal",0.027,0.023,10.058,0.008,0.007,6.768,"sample_run_2019-03-14","3/14/2019","apimenta_106"
61,"1:29","29","20170802 Y2","Unknown",0.081,0.077,33.637,0.002,0.001,0.886,"sample_run_2019-03-14","3/14/2019","apimenta_106"
62,"1:30","30","20170802 Y3","Unknown",0.085,0.081,35.467,0.003,0.001,1.12,"sample_run_2019-03-14","3/14/2019","apimenta_106"
63,"1:30","30dup","20170802 Y3","Unknown",0.085,0.081,35.497,0.003,0.001,1.119,"sample_run_2019-03-14","3/14/2019","apimenta_106"
64,"1:31","31","20170802 W1","Unknown",0.064,0.06,26.129,0.003,0.001,1.156,"sample_run_2019-03-14","3/14/2019","apimenta_106"
65,"1:32","32","20170802 W2","Unknown",0.067,0.063,27.477,0.003,0.001,1.256,"sample_run_2019-03-14","3/14/2019","apimenta_106"
66,"1:33","33","20170802 W3","Unknown",0.055,0.051,22.342,0.002,0.001,1.064,"sample_run_2019-03-14","3/14/2019","apimenta_106"
67,"1:34","34","20170807 Y1","Unknown",0.087,0.083,36.219,0.003,0.001,1.148,"sample_run_2019-03-14","3/14/2019","apimenta_106"
68,"1:35","35","20170807 Y2","Unknown",0.083,0.078,34.235,0.003,0.001,1.141,"sample_run_2019-03-14","3/14/2019","apimenta_106"
69,"1:36","36","20170807 Y3","Unknown",0.081,0.077,33.713,0.003,0.001,1.098,"sample_run_2019-03-14","3/14/2019","apimenta_106"
70,"1:37","37","digested milliQ","Unknown",0.015,0.011,4.678,0.002,0.001,0.79,"sample_run_2019-03-14","3/14/2019","apimenta_106"
71,"0","AutoWash",NA,"AutoWash",0.005,0,0.243,0.002,0,0.26,"sample_run_2019-03-14","3/14/2019","apimenta_106"
72,"0","AutoWash",NA,"AutoWash",0.004,0,0.033,0.002,0,0.225,"sample_run_2019-03-14","3/14/2019","apimenta_106"
73,"1:38","38","20170807 W1","Unknown",0.072,0.068,29.604,0.003,0.001,1.232,"sample_run_2019-03-14","3/14/2019","apimenta_106"
74,"1:39","39","20170807 W2","Unknown",0.074,0.07,30.622,0.003,0.001,1.257,"sample_run_2019-03-14","3/14/2019","apimenta_106"
75,"1:40","40","20170807 W3","Unknown",0.074,0.07,30.513,0.003,0.001,1.193,"sample_run_2019-03-14","3/14/2019","apimenta_106"
76,"1:40","40dup","20170807 W3","Unknown",0.074,0.069,30.406,0.003,0.001,1.16,"sample_run_2019-03-14","3/14/2019","apimenta_106"
77,"1:41","41","20170809 Y1","Unknown",0.093,0.089,38.955,0.003,0.001,1.027,"sample_run_2019-03-14","3/14/2019","apimenta_106"
78,"SR:15","CC1","NO3 100 uM","Check Cal",0.246,0.241,105.525,0.002,0,0.703,"sample_run_2019-03-14","3/14/2019","apimenta_106"
79,"SR:16","CC2","NO3 6.25 uM","Check Cal",0.018,0.014,6.011,0.01,0.008,8.106,"sample_run_2019-03-14","3/14/2019","apimenta_106"
80,"1:42","42","20170809 Y2","Unknown",0.084,0.079,34.731,0.003,0.001,1.138,"sample_run_2019-03-14","3/14/2019","apimenta_106"
81,"1:43","43","20170809 Y3","Unknown",0.084,0.079,34.682,0.003,0.001,1.15,"sample_run_2019-03-14","3/14/2019","apimenta_106"
82,"1:44","44","20170809 W1","Unknown",0.078,0.074,32.217,0.003,0.001,1.313,"sample_run_2019-03-14","3/14/2019","apimenta_106"
83,"1:45","45","20170809 W2","Unknown",0.079,0.074,32.615,0.003,0.001,1.271,"sample_run_2019-03-14","3/14/2019","apimenta_106"
84,"1:46","46","20170809 W3","Unknown",0.082,0.078,33.942,0.003,0.001,1.284,"sample_run_2019-03-14","3/14/2019","apimenta_106"
85,"0","AutoWash",NA,"AutoWash",0.007,0.002,1.057,0.002,0,0.218,"sample_run_2019-03-14","3/14/2019","apimenta_106"
86,"0","AutoWash",NA,"AutoWash",0.005,0,0.033,0.002,0,0.225,"sample_run_2019-03-14","3/14/2019","apimenta_106"
87,"1:47","47","20170814 Y1","Unknown",0.08,0.076,33.157,0.003,0.001,0.89,"sample_run_2019-03-14","3/14/2019","apimenta_106"
88,"SR:15",NA,"NO3 100 uM","Unknown",0.245,0.241,105.294,0.002,0,0.704,"sample_run_2019-03-14","3/14/2019","apimenta_106"
89,"SR:16",NA,"NO3 6.25 uM","Unknown",0.018,0.013,5.809,0.008,0.006,6.544,"sample_run_2019-03-14","3/14/2019","apimenta_106"
90,"1:48","48","20170814 Y2","Unknown",0.115,0.111,48.493,0.003,0.001,0.837,"sample_run_2019-03-14","3/14/2019","apimenta_106"
91,"1:49","49","digested milliQ","Unknown",0.015,0.01,4.37,0.002,0,0.524,"sample_run_2019-03-14","3/14/2019","apimenta_106"
92,"1:50","50","20170814 Y3","Unknown",0.085,0.08,35.034,0.003,0.001,0.961,"sample_run_2019-03-14","3/14/2019","apimenta_106"
93,"1:50","50dup","20170814 Y3","Unknown",0.086,0.082,35.783,0.003,0.001,0.953,"sample_run_2019-03-14","3/14/2019","apimenta_106"
94,"1:51","51","20170814 W1","Unknown",0.101,0.097,42.352,0.003,0.001,1.033,"sample_run_2019-03-14","3/14/2019","apimenta_106"
95,"1:52","52","20170814 W2","Unknown",0.104,0.099,43.435,0.003,0.001,0.927,"sample_run_2019-03-14","3/14/2019","apimenta_106"
96,"1:53","53","20170814 W3","Unknown",0.102,0.097,42.672,0.003,0.001,1.504,"sample_run_2019-03-14","3/14/2019","apimenta_106"
97,"0","AutoWash",NA,"AutoWash",0.008,0.003,1.255,0.002,0,0.335,"sample_run_2019-03-14","3/14/2019","apimenta_106"
98,"0","AutoWash",NA,"AutoWash",0.005,0,0.033,0.002,0,0.225,"sample_run_2019-03-14","3/14/2019","apimenta_106"
99,"SR:15","CC1","NO3 100 uM","Check Cal",0.248,0.243,106.474,0.002,0,0.655,"sample_run_2019-03-14","3/14/2019","apimenta_106"
100,"SR:16","CC2","NO3 6.25 uM","Check Cal",0.017,0.013,5.589,0.008,0.006,6.528,"sample_run_2019-03-14","3/14/2019","apimenta_106"
101,"1:54","54","20170816 Y1","Unknown",0.08,0.076,33.164,0.003,0.001,0.973,"sample_run_2019-03-14","3/14/2019","apimenta_106"
102,"1:55","55","20170816 Y2","Unknown",0.082,0.078,34.038,0.003,0.001,0.957,"sample_run_2019-03-14","3/14/2019","apimenta_106"
103,"1:56","56","20170816 Y3","Unknown",0.086,0.081,35.38,0.003,0.001,0.994,"sample_run_2019-03-14","3/14/2019","apimenta_106"
104,"1:57","42 re-run","20170809 Y2","Unknown",0.087,0.082,36.073,0.003,0.001,0.998,"sample_run_2019-03-14","3/14/2019","apimenta_106"
105,"1:58","43 re-run","20170809 Y3","Unknown",0.085,0.081,35.317,0.003,0.001,1.006,"sample_run_2019-03-14","3/14/2019","apimenta_106"
106,"1:59","44 re-run","20170809 W1","Unknown",0.081,0.076,33.328,0.003,0.001,1.133,"sample_run_2019-03-14","3/14/2019","apimenta_106"
107,"1:60","45 re-run","20170809 W2","Unknown",0.08,0.076,33.149,0.003,0.001,1.182,"sample_run_2019-03-14","3/14/2019","apimenta_106"
108,"2:1","46 re-run","20170809 W3","Unknown",0.084,0.079,34.552,0.003,0.001,1.167,"sample_run_2019-03-14","3/14/2019","apimenta_106"
109,"2:2","47 re-run","20170814 Y1","Unknown",0.083,0.078,34.355,0.003,0.001,1.012,"sample_run_2019-03-14","3/14/2019","apimenta_106"
110,"2:3","57","digested milliQ","Unknown",0.015,0.01,4.454,0.002,0,0.625,"sample_run_2019-03-14","3/14/2019","apimenta_106"
111,"0","AutoWash",NA,"AutoWash",0.005,0,0.178,0.002,0,0.21,"sample_run_2019-03-14","3/14/2019","apimenta_106"
112,"0","AutoWash",NA,"AutoWash",0.005,0,0.033,0.002,0,0.225,"sample_run_2019-03-14","3/14/2019","apimenta_106"
113,"SR:15","CC1","NO3 100 uM","Check Cal",0.25,0.245,107.37,0.003,0,0.724,"sample_run_2019-03-14","3/14/2019","apimenta_106"
114,"SR:16","CC2","NO3 6.25 uM","Check Cal",0.017,0.013,5.52,0.008,0.006,6.688,"sample_run_2019-03-14","3/14/2019","apimenta_106"
